run_id,query,position,title,snippet,displayUrl,domain,url,url_key,contentLength,contentError,content
P0001_R01,best real-time voice translator apps,1,10 Best Real-Time Translators of 2025 (Apps - Earbuds Reviewed),"Jul 10, 2025¬†¬∑ Discover the best real-time translator apps and devices of 2025. We tested accuracy, speed, and features to help you find the perfect solution for travel, business, and ‚Ä¶",https://screenapp.io ‚Ä∫ blog ‚Ä∫ best-real-time-translators,screenapp.io,https://screenapp.io/blog/best-real-time-translators,screenapp.io/blog/best-real-time-translators,14220,,
P0001_R01,best real-time voice translator apps,2,10 Best Speech Translator Apps for Live Voice Translation,"Oct 31, 2025¬†¬∑ In this guide, we list the 10 best speech translator apps available right now, based on real-world performance, usability, and how well they adapt to the way people actually ‚Ä¶",https://maestra.ai ‚Ä∫ blogs ‚Ä∫ best-speech-translator-apps,maestra.ai,https://maestra.ai/blogs/best-speech-translator-apps,maestra.ai/blogs/best-speech-translator-apps,19270,,
P0001_R01,best real-time voice translator apps,3,6 Best Voice Translator Apps for Multilingual Calls in 2025,"Sep 3, 2025¬†¬∑ The good news? Voice translator apps in 2025 are smarter, faster, and shockingly accurate. Many of them handle phone calls in real time, so conversations flow ‚Ä¶",https://www.aiphone.ai ‚Ä∫ blog ‚Ä∫ best-ai-voice-translators-for-multilingual...,aiphone.ai,https://www.aiphone.ai/blog/best-ai-voice-translators-for-multilingual-calls/,aiphone.ai/blog/best-ai-voice-translators-for-multilingual-calls,5046,,
P0001_R01,best real-time voice translator apps,4,"23 best voice translator for your PC, Android, and iPhone","Jan 17, 2025¬†¬∑ These are 23 recommended real-time voice translation apps. We have compared various options to help you find the app that best suits your needs and purposes. Please refer ‚Ä¶",https://www.jotme.io ‚Ä∫ blog ‚Ä∫ audio-translation,jotme.io,https://www.jotme.io/blog/audio-translation,jotme.io/blog/audio-translation,18580,,
P0001_R01,best real-time voice translator apps,5,10 Best Voice Translation Apps for Global ‚Ä¶,,https://murf.ai ‚Ä∫ blog ‚Ä∫ best-voice-translation-apps,murf.ai,https://murf.ai/blog/best-voice-translation-apps,murf.ai/blog/best-voice-translation-apps,26176,,
P0001_R01,best real-time voice translator apps,6,Top 6 Voice Translator Apps Powered by AI in 2025,,https://www.notta.ai ‚Ä∫ en ‚Ä∫ blog ‚Ä∫ voice-translator-app,notta.ai,https://www.notta.ai/en/blog/voice-translator-app,notta.ai/en/blog/voice-translator-app,11369,,
P0001_R01,best real-time voice translator apps,7,Top 10 AI Translator Phone Apps for Real-Time ‚Ä¶,,https://vertu.com ‚Ä∫ lifestyle,vertu.com,https://vertu.com/lifestyle/top-10-ai-translator-phone-apps-real-time-translation-2025/,vertu.com/lifestyle/top-10-ai-translator-phone-apps-real-time-translation-2025,27277,,
P0001_R01,best real-time voice translator apps,8,Voice Translator - Free Online Voice Translation Tool,,https://screenapp.io ‚Ä∫ features ‚Ä∫ audio-translator,screenapp.io,https://screenapp.io/features/audio-translator,screenapp.io/features/audio-translator,8775,,
P0001_R01,best real-time voice translator apps,9,7 Best AI Live Translation Tools That We Tried in ‚Ä¶,,https://www.jotme.io ‚Ä∫ blog ‚Ä∫ best-live-translation,jotme.io,https://www.jotme.io/blog/best-live-translation,jotme.io/blog/best-live-translation,27374,,
P0001_R01,best real-time voice translator apps,10,Connecting Globally: The Best Translation Apps of ‚Ä¶,,https://insiderbits.com ‚Ä∫ apps,insiderbits.com,https://insiderbits.com/apps/best-translation-apps-of-2025/,insiderbits.com/apps/best-translation-apps-of-2025,13582,,
P0001_R01,best real-time voice translator apps,11,TalkPersona - Free real-time voice translator,,https://talkpersona.com ‚Ä∫ translator,talkpersona.com,https://talkpersona.com/translator,talkpersona.com/translator,1938,,
P0001_R01,best real-time voice translator apps,12,10 best translation apps for Android,,https://www.androidauthority.com,androidauthority.com,https://www.androidauthority.com/best-translations-apps-android-98787/,androidauthority.com/best-translations-apps-android-98787,7342,,
P0001_R01,best real-time voice translator apps,13,Best real-time voice translation apps - Inglatech,,https://inglatech.com ‚Ä∫ en ‚Ä∫ best-real-time-voice-tran‚Ä¶,inglatech.com,https://inglatech.com/en/best-real-time-voice-translation-apps/,inglatech.com/en/best-real-time-voice-translation-apps,6679,,
P0001_R01,best real-time voice translator apps,14,Is there an app that does live translation? : r/apps,"Is there an app that does live translation? I am looking for an app that can live translate speech in real-time over a video call. Every time my partner speaks with my parents, I end up having to ‚Ä¶",https://www.reddit.com ‚Ä∫ apps ‚Ä∫ comments ‚Ä∫ is_there_an_app_that_do‚Ä¶,reddit.com,https://www.reddit.com/r/apps/comments/13escyl/is_there_an_app_that_does_live_translation/,reddit.com/r/apps/comments/13escyl/is_there_an_app_that_does_live_translation,1790,,
P0001_R01,best real-time voice translator apps,15,Top 7 AI Voice Translator Apps in 2025,,https://screenapp.io ‚Ä∫ blog ‚Ä∫ voice-translator-apps,screenapp.io,https://screenapp.io/blog/voice-translator-apps,screenapp.io/blog/voice-translator-apps,9201,,
P0001_R01,best real-time voice translator apps,16,Best Translation Apps in 2025: A Complete Guide,,https://maestra.ai ‚Ä∫ blogs ‚Ä∫ best-translation-apps,maestra.ai,https://maestra.ai/blogs/best-translation-apps,maestra.ai/blogs/best-translation-apps,14631,,
P0001_R01,best real-time voice translator apps,17,9 Audio Translator Apps You‚Äôll Wish You Knew ‚Ä¶,,https://www.ultraupdates.com ‚Ä∫ best-audio-translatio‚Ä¶,ultraupdates.com,https://www.ultraupdates.com/2025/05/best-audio-translation-apps/,ultraupdates.com/2025/05/best-audio-translation-apps,18706,,
P0001_R01,best real-time voice translator apps,18,Top 8 AI Voice Translator Apps to Break Language Barriers,"Struggling to communicate in a foreign language can be one of the most frustrating experiences, whether you're traveling or working abroad. Thanks to AI-powered voice translation apps, you ‚Ä¶",https://www.aiphone.ai ‚Ä∫ blog ‚Ä∫ ai-voice-translator-apps,aiphone.ai,https://www.aiphone.ai/blog/ai-voice-translator-apps/,aiphone.ai/blog/ai-voice-translator-apps,5533,,
P0001_R01,best real-time voice translator apps,19,"Are there any Hands-Free, Realtime, Voice Translation apps? : ‚Ä¶","I'm looking for an app that will translate a conversation between me speaking English, and my friend speaking Portuguese (etc) - in realtime automatically - without having to touch the screen.",https://www.reddit.com ‚Ä∫ ... ‚Ä∫ comments ‚Ä∫ are_there_any_handsfree_re‚Ä¶,reddit.com,https://www.reddit.com/r/ChatGPTPro/comments/15z93kb/are_there_any_handsfree_realtime_voice/,reddit.com/r/ChatGPTPro/comments/15z93kb/are_there_any_handsfree_realtime_voice,1445,,
P0001_R01,best real-time voice translator apps,20,Real Time Translator - AI Live Translation,Localize live events and content using Maestra's AI-powered real time translator. Try for free for the first 10 minutes!,https://maestra.ai ‚Ä∫ tools ‚Ä∫ real-time-translator,maestra.ai,https://maestra.ai/tools/real-time-translator,maestra.ai/tools/real-time-translator,7612,,
P0001_R01,best real-time voice translator apps,21,LiveVoice: AI Voice Translation,"AI Voice Translation provides seamless interpretation in over 65 languages for any event or guided tour, anywhere. You can even combine AI with ‚Ä¶",https://livevoice.io ‚Ä∫ en ‚Ä∫ ai-voice-translation,livevoice.io,https://livevoice.io/en/ai-voice-translation,livevoice.io/en/ai-voice-translation,5656,,
P0001_R01,best real-time voice translator apps,22,Apps for real-time translation on Android,"Jul 16, 2025¬†¬∑ Discover the best real-time translation apps for Android. Detailed guides, tips, and essential features for traveling and ‚Ä¶",https://en.androidayuda.com ‚Ä∫ applications ‚Ä∫ lists ‚Ä∫ A‚Ä¶,en.androidayuda.com,https://en.androidayuda.com/applications/lists/Apps-for-real-time-translation-on-Android/,en.androidayuda.com/applications/lists/Apps-for-real-time-translation-on-Android,13861,,
P0001_R01,best real-time voice translator apps,23,11 Best Translation Apps of 2024 | FluentU,"Jan 26, 2024¬†¬∑ What are the best translation apps at the moment? In this post, we cover 12 of the best translator apps you wouldn't want to go ‚Ä¶",https://www.fluentu.com ‚Ä∫ blog ‚Ä∫ learn ‚Ä∫ best-translati‚Ä¶,fluentu.com,https://www.fluentu.com/blog/learn/best-translation-apps/,fluentu.com/blog/learn/best-translation-apps,15740,,
P0001_R01,best real-time voice translator apps,24,Voice Translator & Speech to Text - Free download and install on ...,"Real-time Voice Translation Simultaneous Interpreting Software AI intelligent translation, accurate voice translation software! AI Audio Translator, Translation with voice,Speech to text,speech ‚Ä¶",https://apps.microsoft.com ‚Ä∫ detail,apps.microsoft.com,https://apps.microsoft.com/detail/9nz4tkwwf4pq,apps.microsoft.com/detail/9nz4tkwwf4pq,90,,
P0001_R01,best real-time voice translator apps,25,Top 8 Best Translator Apps for iPhone in 2026,"Dec 19, 2025¬†¬∑ Discover the best translator app for iPhone to translate languages instantly. Explore top apps with fast, effortless, and accurate ‚Ä¶",https://murf.ai ‚Ä∫ blog ‚Ä∫ best-translation-apps-for-iphone,murf.ai,https://murf.ai/blog/best-translation-apps-for-iphone,murf.ai/blog/best-translation-apps-for-iphone,19588,,
P0001_R01,best real-time voice translator apps,26,5 Best Real-Time Translators for Meetings,"May 23, 2025¬†¬∑ Discover the 5 best real-time translators for meetings that break language barriers and instantly translate speech to your preferred ‚Ä¶",https://maestra.ai ‚Ä∫ blogs ‚Ä∫ best-real-time-translators ‚Ä¶,maestra.ai,https://maestra.ai/blogs/best-real-time-translators-for-meetings,maestra.ai/blogs/best-real-time-translators-for-meetings,10816,,
P0001_R01,best real-time voice translator apps,27,Top Voice Translator Apps for Real-Time Language Translation,"Jun 10, 2024¬†¬∑ Discover the best voice translator apps for real-time language translation. Break language barriers with accurate and fast voice translation tools.",https://speechify.com ‚Ä∫ blog ‚Ä∫ voice-translator,speechify.com,https://speechify.com/blog/voice-translator/,speechify.com/blog/voice-translator,11528,,
P0001_R01,best real-time voice translator apps,28,Cellphones That Translate Languages: Best Real-Time Voice Translators ...,"Jan 18, 2025¬†¬∑ The best apps for real-time language translation include Google Translate, Microsoft Translator, iTranslate, SayHi, and Papago. These applications are designed to ‚Ä¶",https://travelpander.com ‚Ä∫ cellphones-that-translate-languages-to-engli‚Ä¶,travelpander.com,https://travelpander.com/cellphones-that-translate-languages-to-english-real-time-translator/,travelpander.com/cellphones-that-translate-languages-to-english-real-time-translator,31832,,
P0001_R01,best real-time voice translator apps,29,Beste √úbersetzungen - Sprach√ºbersetzer-App,Ihre Sprach-App f√ºr unterwegs. Installieren und ausprobieren,https://de.reviewed.app ‚Ä∫ Sprechen ‚Ä∫ ubersetzen,de.reviewed.app,https://de.reviewed.app/sprechen-und-ubersetzen/,de.reviewed.app/sprechen-und-ubersetzen,5098,,
P0001_R01,best real-time voice translator apps,30,Free Microsoft Translator App - Download Translator,"Read in-depth app overview, how to use, ratings, app features, and more. You can download no-charge and paid apps from the stores on all devices. Tap to start now!",https://appmaus.com ‚Ä∫ app ‚Ä∫ free,appmaus.com,https://appmaus.com/app/microsoft-translator,appmaus.com/app/microsoft-translator,18100,,
P0002_R01,"software for live call subtitles and translation line live caption translation for video calls Zoom, Microsoft Teams, Google Meet",1,Talo - Real-Time AI Translator for Video Calls,"Easily integrate Talo's AI interpreter with popular video conferencing tools like Google Meet, Microsoft Teams, and Zoom. Experience accurate, real-time translations during your virtual ‚Ä¶",https://taloai.com,taloai.com,https://taloai.com/,taloai.com/,4647,,
P0002_R01,"software for live call subtitles and translation line live caption translation for video calls Zoom, Microsoft Teams, Google Meet",2,7 Best AI Live Translation Tools That We Tried in 2025,"Jul 16, 2025¬†¬∑ We tested top-ranking AI live translation tools in real-world situations, including live Zoom meetings, bilingual business meetings on Google Meet, and internal team calls on ‚Ä¶",https://www.jotme.io ‚Ä∫ blog ‚Ä∫ best-live-translation,jotme.io,https://www.jotme.io/blog/best-live-translation,jotme.io/blog/best-live-translation,27374,,
P0002_R01,"software for live call subtitles and translation line live caption translation for video calls Zoom, Microsoft Teams, Google Meet",3,7 Best Tools for Multilingual Real-Time Translation ‚Ä¶,,https://www.forasoft.com ‚Ä∫ blog ‚Ä∫ article ‚Ä∫ multilingua‚Ä¶,forasoft.com,https://www.forasoft.com/blog/article/multilingual-translation-video-calls,forasoft.com/blog/article/multilingual-translation-video-calls,38792,,
P0002_R01,"software for live call subtitles and translation line live caption translation for video calls Zoom, Microsoft Teams, Google Meet",4,Top Tools for Live Meeting Translation (2025),,https://tactiq.io ‚Ä∫ learn,tactiq.io,https://tactiq.io/learn/top-tools-for-live-meeting-translation-2025,tactiq.io/learn/top-tools-for-live-meeting-translation-2025,2383,,
P0002_R01,"software for live call subtitles and translation line live caption translation for video calls Zoom, Microsoft Teams, Google Meet",5,Top 10 Real-Time Subtitle - Instant Caption ‚Ä¶,,https://screenapp.io ‚Ä∫ blog,screenapp.io,https://screenapp.io/blog/10-best-real-time-subtitle-caption-tools,screenapp.io/blog/10-best-real-time-subtitle-caption-tools,15026,,
P0002_R01,"software for live call subtitles and translation line live caption translation for video calls Zoom, Microsoft Teams, Google Meet",6,Live Subtitles - Real-Time Bilingual Captions,,https://apps.microsoft.com ‚Ä∫ detail,apps.microsoft.com,https://apps.microsoft.com/detail/9ph1r9djg47s,apps.microsoft.com/detail/9ph1r9djg47s,102,,
P0002_R01,"software for live call subtitles and translation line live caption translation for video calls Zoom, Microsoft Teams, Google Meet",7,EventCAT Online Meeting | Real-Time Translation ‚Ä¶,,https://www.eventcat.com ‚Ä∫ en ‚Ä∫ products ‚Ä∫ onlineme‚Ä¶,eventcat.com,https://www.eventcat.com/en/products/onlinemeeting,eventcat.com/en/products/onlinemeeting,7674,,
P0002_R01,"software for live call subtitles and translation line live caption translation for video calls Zoom, Microsoft Teams, Google Meet",8,"LinguaX, Live subtitles for windows and web applications","Dec 4, 2025¬†¬∑ Whether it's video conferencing, such as Zoom, Microsoft Teams, Google Meet, or video calls, such as WeChat, or even web programs such as YouTube and web video ‚Ä¶",https://www.livesubs.cc,livesubs.cc,https://www.livesubs.cc/,livesubs.cc/,2440,,
P0002_R01,"software for live call subtitles and translation line live caption translation for video calls Zoom, Microsoft Teams, Google Meet",9,Real-time Translation for Multilingual Subtitles,"Supports common platforms including Zoom, Google Meet, Microsoft Teams, Webex, and Tencent Meeting. Subtitles automatically detect audio and display real-time translations.",https://subtitles.felo.me,subtitles.felo.me,https://subtitles.felo.me/,subtitles.felo.me/,5564,,
P0002_R01,"software for live call subtitles and translation line live caption translation for video calls Zoom, Microsoft Teams, Google Meet",10,5 Solutions for Real-Time Translation in Video ‚Ä¶,,https://www.linkedin.com ‚Ä∫ pulse,linkedin.com,https://www.linkedin.com/pulse/5-video-meeting-platforms-offer-real-time-translation-jiyeon-lee-prm5c,linkedin.com/pulse/5-video-meeting-platforms-offer-real-time-translation-jiyeon-lee-prm5c,8087,,
P0002_R01,"software for live call subtitles and translation line live caption translation for video calls Zoom, Microsoft Teams, Google Meet",11,Felo Subtitles: ChatGPT Live Translation - Chrome ‚Ä¶,,https://chromewebstore.google.com ‚Ä∫ detail ‚Ä∫ felo-su‚Ä¶,chromewebstore.google.com,https://chromewebstore.google.com/detail/felo-subtitles-chatgpt-li/ponokiofkijoolhebggofhhibnafebna,chromewebstore.google.com/detail/felo-subtitles-chatgpt-li/ponokiofkijoolhebggofhhibnafebna,,Network error or blocked,
P0002_R01,"software for live call subtitles and translation line live caption translation for video calls Zoom, Microsoft Teams, Google Meet",12,Video Call Translation - Live translate with Vidby,,https://vidby.com ‚Ä∫ vidby-call-translator,vidby.com,https://vidby.com/vidby-call-translator,vidby.com/vidby-call-translator,,,
P0002_R01,"software for live call subtitles and translation line live caption translation for video calls Zoom, Microsoft Teams, Google Meet",13,Announcing live translation for captions in Microsoft Teams,"Oct 13, 2022¬†¬∑ We‚Äôre excited to announce the availability of live translation for captions. With this new feature, users can fully participate in meetings where the spoken language(s) may not be ‚Ä¶",https://www.microsoft.com ‚Ä∫ ... ‚Ä∫ announcing-live-translation-for-caption‚Ä¶,bing.com,https://www.bing.com/ck/a?%21=&p=c3c66fa6f8d5d90e0851143f75ad78545a267c70f31ab9fa4781ce532aa66365JmltdHM9MTc2NzMxMjAwMA&ptn=3&ver=2&hsh=4&fclid=0050d333-0eb7-60a1-3723-c5e60fc46187&u=a1aHR0cHM6Ly93d3cubWljcm9zb2Z0LmNvbS9lbi11cy90cmFuc2xhdG9yL2Jsb2cvMjAyMi8xMC8xMy9hbm5vdW5jaW5nLWxpdmUtdHJhbnNsYXRpb24tZm9yLWNhcHRpb25zLWluLW1pY3Jvc29mdC10ZWFtcy8_bXNvY2tpZD0wMDUwZDMzMzBlYjc2MGExMzcyM2M1ZTYwZmM0NjE4Nw&ntb=1,bing.com/ck/a?%21=&p=c3c66fa6f8d5d90e0851143f75ad78545a267c70f31ab9fa4781ce532aa66365JmltdHM9MTc2NzMxMjAwMA&ptn=3&ver=2&hsh=4&fclid=0050d333-0eb7-60a1-3723-c5e60fc46187&u=a1aHR0cHM6Ly93d3cubWljcm9zb2Z0LmNvbS9lbi11cy90cmFuc2xhdG9yL2Jsb2cvMjAyMi8xMC8xMy9hbm5vdW5jaW5nLWxpdmUtdHJhbnNsYXRpb24tZm9yLWNhcHRpb25zLWluLW1pY3Jvc29mdC10ZWFtcy8_bXNvY2tpZD0wMDUwZDMzMzBlYjc2MGExMzcyM2M1ZTYwZmM0NjE4Nw&ntb=1,,Unsupported content type: ,
P0002_R01,"software for live call subtitles and translation line live caption translation for video calls Zoom, Microsoft Teams, Google Meet",14,5 Steps To Live Translate Teams Meetings | AI Live Captions,"Nov 30, 2025¬†¬∑ Understand any Microsoft Teams meeting on your computer using AI-powered live captions. Available in 90+ languages, Accurate, Secure.",https://akkadu.ai ‚Ä∫ blog ‚Ä∫ translate-teams-meetings-ai-live-captions,akkadu.ai,https://akkadu.ai/blog/translate-teams-meetings-ai-live-captions/,akkadu.ai/blog/translate-teams-meetings-ai-live-captions,8495,,
P0002_R01,"software for live call subtitles and translation line live caption translation for video calls Zoom, Microsoft Teams, Google Meet",15,How can I create a MS Teams app for live ‚Ä¶,,https://learn.microsoft.com ‚Ä∫ ... ‚Ä∫ how-can-i-create-a-‚Ä¶,learn.microsoft.com,https://learn.microsoft.com/en-us/answers/questions/1688084/how-can-i-create-a-ms-teams-app-for-live-translate,learn.microsoft.com/en-us/answers/questions/1688084/how-can-i-create-a-ms-teams-app-for-live-translate,3698,,
P0002_R01,"software for live call subtitles and translation line live caption translation for video calls Zoom, Microsoft Teams, Google Meet",16,The 6 Best Simultaneous Translation Apps for ‚Ä¶,,https://www.stenomatic.ai ‚Ä∫ post ‚Ä∫ best-simultaneou‚Ä¶,stenomatic.ai,https://www.stenomatic.ai/post/best-simultaneous-translation-app,stenomatic.ai/post/best-simultaneous-translation-app,10266,,
P0002_R01,"software for live call subtitles and translation line live caption translation for video calls Zoom, Microsoft Teams, Google Meet",17,Live Translation Options for Zoom: Interpretation ‚Ä¶,,https://www.interprefy.com ‚Ä∫ resources ‚Ä∫ blog ‚Ä∫ zoo‚Ä¶,interprefy.com,https://www.interprefy.com/resources/blog/zoom-live-translation-language-interpretation,interprefy.com/resources/blog/zoom-live-translation-language-interpretation,19562,,
P0002_R01,"software for live call subtitles and translation line live caption translation for video calls Zoom, Microsoft Teams, Google Meet",18,Live caption with translation (ChatGPT) - Microsoft Edge Addons,Description Transform Your Live Stream Experience with Cutting-Edge AI Technology!üöÄIntroducing the ultimate game-changer for live stream enthusiasts and professionals alike! Elevate your ‚Ä¶,https://microsoftedge.microsoft.com ‚Ä∫ addons ‚Ä∫ detail ‚Ä∫ live-caption-wit‚Ä¶,microsoftedge.microsoft.com,https://microsoftedge.microsoft.com/addons/detail/live-caption-with-transla/gkfndmahdpgodbmdmcamcdnbfjjfnbeh,microsoftedge.microsoft.com/addons/detail/live-caption-with-transla/gkfndmahdpgodbmdmcamcdnbfjjfnbeh,63,,
P0002_R01,"software for live call subtitles and translation line live caption translation for video calls Zoom, Microsoft Teams, Google Meet",19,Live caption with translation (ChatGPT) - Chrome Web Store,Overview Live audio/video streaming caption with translation using ChatGPT and Youtube video Summary Transform Your Live Stream Experience with Cutting-Edge AI ‚Ä¶,https://chromewebstore.google.com ‚Ä∫ detail ‚Ä∫ live-caption-with-transla ‚Ä∫ ...,chromewebstore.google.com,https://chromewebstore.google.com/detail/live-caption-with-transla/nphdnilkdkhfkobojgmcjpbnpnjlipip,chromewebstore.google.com/detail/live-caption-with-transla/nphdnilkdkhfkobojgmcjpbnpnjlipip,,Network error or blocked,
P0002_R01,"software for live call subtitles and translation line live caption translation for video calls Zoom, Microsoft Teams, Google Meet",20,Enabling and configuring translated captions,,https://support.zoom.com ‚Ä∫ hc ‚Ä∫ en ‚Ä∫ article,bing.com,https://www.bing.com/ck/a?%21=&p=5286ead241225675b8be722d2a29b9643481f9d69ba4e3dc5bf0259093da8dccJmltdHM9MTc2NzMxMjAwMA&ptn=3&ver=2&hsh=4&fclid=0050d333-0eb7-60a1-3723-c5e60fc46187&u=a1aHR0cHM6Ly9zdXBwb3J0Lnpvb20uY29tL2hjL2VuL2FydGljbGU_aWQ9em1fa2Imc3lzcGFybV9hcnRpY2xlPUtCMDA1OTA4MQ&ntb=1,bing.com/ck/a?%21=&p=5286ead241225675b8be722d2a29b9643481f9d69ba4e3dc5bf0259093da8dccJmltdHM9MTc2NzMxMjAwMA&ptn=3&ver=2&hsh=4&fclid=0050d333-0eb7-60a1-3723-c5e60fc46187&u=a1aHR0cHM6Ly9zdXBwb3J0Lnpvb20uY29tL2hjL2VuL2FydGljbGU_aWQ9em1fa2Imc3lzcGFybV9hcnRpY2xlPUtCMDA1OTA4MQ&ntb=1,,Unsupported content type: ,
P0002_R01,"software for live call subtitles and translation line live caption translation for video calls Zoom, Microsoft Teams, Google Meet",21,Live Caption & Translation - Apps on Google Play,,https://play.google.com ‚Ä∫ store ‚Ä∫ apps ‚Ä∫ details,play.google.com,https://play.google.com/store/apps/details?id=com.tools.livecaptions&hl=en,play.google.com/store/apps/details?id=com.tools.livecaptions&hl=en,3865,,
P0002_R01,"software for live call subtitles and translation line live caption translation for video calls Zoom, Microsoft Teams, Google Meet",22,Real-time translations and captions for online ‚Ä¶,,https://www.interprefy.com ‚Ä∫ solutions ‚Ä∫ use-cases ‚Ä∫ ‚Ä¶,interprefy.com,https://www.interprefy.com/solutions/use-cases/online-meetings,interprefy.com/solutions/use-cases/online-meetings,4617,,
P0002_R01,"software for live call subtitles and translation line live caption translation for video calls Zoom, Microsoft Teams, Google Meet",23,Wordly Translation and Captions,"‚Ä¢ Live Captions and Subtitles in dozens of languages ‚Ä¢ Support for global inclusion standards Outside the Zoom app, customers can access their session data through the secure Wordly ‚Ä¶",https://marketplace.zoom.us ‚Ä∫ apps,marketplace.zoom.us,https://marketplace.zoom.us/apps/wqXHyNXhRQy0V5CeVTGScw,marketplace.zoom.us/apps/wqXHyNXhRQy0V5CeVTGScw,15,,
P0002_R01,"software for live call subtitles and translation line live caption translation for video calls Zoom, Microsoft Teams, Google Meet",24,7 Best Closed Captioning Software in 2025 (Free ‚Ä¶,,https://createandgo.com ‚Ä∫ closed-captioning-software,createandgo.com,https://createandgo.com/closed-captioning-software,createandgo.com/closed-captioning-software,18990,,
P0002_R01,"software for live call subtitles and translation line live caption translation for video calls Zoom, Microsoft Teams, Google Meet",25,Manage captions and translations in Chrome - Google Help,"Tips: To turn on captions for all videos, at the top right, select Media control . To use live captions for videos that autoplay, turn on the video volume. Live Captions will appear in a bubble that ‚Ä¶",https://support.google.com ‚Ä∫ chrome ‚Ä∫ answer,support.google.com,https://support.google.com/chrome/answer/10538231?hl=en,support.google.com/chrome/answer/10538231?hl=en,6053,,
P0002_R01,"software for live call subtitles and translation line live caption translation for video calls Zoom, Microsoft Teams, Google Meet",26,Live caption with translation (ChatGPT) - Chrome Web Store,"Elevate your streams with our state-of-the-art AI-powered tools, designed to revolutionize how you interact with your audience. https://subtitle.raccourci.top Caption and translation supported on ‚Ä¶",https://chromewebstore.google.com ‚Ä∫ detail ‚Ä∫ live-caption-with-transla ‚Ä∫ ...,chromewebstore.google.com,https://chromewebstore.google.com/detail/live-caption-with-transla/nphdnilkdkhfkobojgmcjpbnpnjlipip?hl=en-GB,chromewebstore.google.com/detail/live-caption-with-transla/nphdnilkdkhfkobojgmcjpbnpnjlipip?hl=en-GB,,Network error or blocked,
P0002_R01,"software for live call subtitles and translation line live caption translation for video calls Zoom, Microsoft Teams, Google Meet",27,Microsoft Teams Live Translation: How to Enable Real-Time ‚Ä¶,Looking for an easier way to provide French subtitles during your Microsoft Teams meetings? Discover how you can combine live captions and translation features to break language ‚Ä¶,https://en.ittrip.xyz ‚Ä∫ ms-office ‚Ä∫ teams ‚Ä∫ teams-live-translation,en.ittrip.xyz,https://en.ittrip.xyz/ms-office/teams/teams-live-translation,en.ittrip.xyz/ms-office/teams/teams-live-translation,13178,,
P0002_R01,"software for live call subtitles and translation line live caption translation for video calls Zoom, Microsoft Teams, Google Meet",28,Live translated captions for Microsoft Teams - YouTube,"Oct 12, 2022¬†¬∑ Live translated captions for Microsoft Teams delivers AI-powered, real-time translations from 40 spoken languages so meeting participants can read captions in their own language.",https://www.youtube.com ‚Ä∫ watch,bing.com,https://www.bing.com/ck/a?%21=&p=6abcf2cf607f78c04f12a90f7fc6a20e62fdca121c0d5940cbee7c9b0479ca93JmltdHM9MTc2NzM0NDc1Mw&ptn=3&fclid=3da2f085-e7ba-11f0-893c-87262492f99d&ntb=1&u=a1L3ZpZGVvcy9yaXZlcnZpZXcvcmVsYXRlZHZpZGVvP3E9c29mdHdhcmUrZm9yK2xpdmUrY2FsbCtzdWJ0aXRsZXMrYW5kK3RyYW5zbGF0aW9uK2xpbmUrbGl2ZStjYXB0aW9uK3RyYW5zbGF0aW9uK2Zvcit2aWRlbytjYWxscytab29tJTJjK01pY3Jvc29mdCtUZWFtcyUyYytHb29nbGUrTWVldCZmaXJzdD0zMSZydT0lMmZzZWFyY2glM2ZxJTNkc29mdHdhcmUlMjUyMGZvciUyNTIwbGl2ZSUyNTIwY2FsbCUyNTIwc3VidGl0bGVzJTI1MjBhbmQlMjUyMHRyYW5zbGF0aW9uJTI1MjBsaW5lJTI1MjBsaXZlJTI1MjBjYXB0aW9uJTI1MjB0cmFuc2xhdGlvbiUyNTIwZm9yJTI1MjB2aWRlbyUyNTIwY2FsbHMlMjUyMFpvb20lMjUyQyUyNTIwTWljcm9zb2Z0JTI1MjBUZWFtcyUyNTJDJTI1MjBHb29nbGUlMjUyME1lZXQlMjZmaXJzdCUzZDMxJm1tc2NuPXZ3cmMmbWlkPUZBNTdGNDI1MUEzNjFEQjNDMTZFRkE1N0Y0MjUxQTM2MURCM0MxNkUmRk9STT1XUlZPUkMmbnRiPTEmbXNvY2tpZD0zZGEyZjA4NWU3YmExMWYwODkzYzg3MjYyNDkyZjk5ZA,bing.com/ck/a?%21=&p=6abcf2cf607f78c04f12a90f7fc6a20e62fdca121c0d5940cbee7c9b0479ca93JmltdHM9MTc2NzM0NDc1Mw&ptn=3&fclid=3da2f085-e7ba-11f0-893c-87262492f99d&ntb=1&u=a1L3ZpZGVvcy9yaXZlcnZpZXcvcmVsYXRlZHZpZGVvP3E9c29mdHdhcmUrZm9yK2xpdmUrY2FsbCtzdWJ0aXRsZXMrYW5kK3RyYW5zbGF0aW9uK2xpbmUrbGl2ZStjYXB0aW9uK3RyYW5zbGF0aW9uK2Zvcit2aWRlbytjYWxscytab29tJTJjK01pY3Jvc29mdCtUZWFtcyUyYytHb29nbGUrTWVldCZmaXJzdD0zMSZydT0lMmZzZWFyY2glM2ZxJTNkc29mdHdhcmUlMjUyMGZvciUyNTIwbGl2ZSUyNTIwY2FsbCUyNTIwc3VidGl0bGVzJTI1MjBhbmQlMjUyMHRyYW5zbGF0aW9uJTI1MjBsaW5lJTI1MjBsaXZlJTI1MjBjYXB0aW9uJTI1MjB0cmFuc2xhdGlvbiUyNTIwZm9yJTI1MjB2aWRlbyUyNTIwY2FsbHMlMjUyMFpvb20lMjUyQyUyNTIwTWljcm9zb2Z0JTI1MjBUZWFtcyUyNTJDJTI1MjBHb29nbGUlMjUyME1lZXQlMjZmaXJzdCUzZDMxJm1tc2NuPXZ3cmMmbWlkPUZBNTdGNDI1MUEzNjFEQjNDMTZFRkE1N0Y0MjUxQTM2MURCM0MxNkUmRk9STT1XUlZPUkMmbnRiPTEmbXNvY2tpZD0zZGEyZjA4NWU3YmExMWYwODkzYzg3MjYyNDkyZjk5ZA,,Unsupported content type: ,
P0002_R01,"software for live call subtitles and translation line live caption translation for video calls Zoom, Microsoft Teams, Google Meet",29,How to Translate Live Captions in Microsoft Teams - YouTube,"Oct 31, 2022¬†¬∑ Microsoft Teams now supports the ability to see Live Subtitles in a translated language. This feature is designed to help make your meetings more seamless and accessible to all.",https://www.youtube.com ‚Ä∫ watch,bing.com,https://www.bing.com/ck/a?%21=&p=24d080bfa8f112a81cb84b52e8b7de3c0939033787181885e833e4acc6b80418JmltdHM9MTc2NzM0NDc1Mw&ptn=3&fclid=3da374ff-e7ba-11f0-90f0-878337de04c0&ntb=1&u=a1L3ZpZGVvcy9yaXZlcnZpZXcvcmVsYXRlZHZpZGVvP3E9c29mdHdhcmUrZm9yK2xpdmUrY2FsbCtzdWJ0aXRsZXMrYW5kK3RyYW5zbGF0aW9uK2xpbmUrbGl2ZStjYXB0aW9uK3RyYW5zbGF0aW9uK2Zvcit2aWRlbytjYWxscytab29tJTJjK01pY3Jvc29mdCtUZWFtcyUyYytHb29nbGUrTWVldCZmaXJzdD0zMSZydT0lMmZzZWFyY2glM2ZxJTNkc29mdHdhcmUlMjUyMGZvciUyNTIwbGl2ZSUyNTIwY2FsbCUyNTIwc3VidGl0bGVzJTI1MjBhbmQlMjUyMHRyYW5zbGF0aW9uJTI1MjBsaW5lJTI1MjBsaXZlJTI1MjBjYXB0aW9uJTI1MjB0cmFuc2xhdGlvbiUyNTIwZm9yJTI1MjB2aWRlbyUyNTIwY2FsbHMlMjUyMFpvb20lMjUyQyUyNTIwTWljcm9zb2Z0JTI1MjBUZWFtcyUyNTJDJTI1MjBHb29nbGUlMjUyME1lZXQlMjZmaXJzdCUzZDMxJm1tc2NuPXZ3cmMmbWlkPUMwMjQxNTIwOEUxOTQzNkYxRTlBQzAyNDE1MjA4RTE5NDM2RjFFOUEmRk9STT1XUlZPUkMmbnRiPTEmbXNvY2tpZD0zZGEzNzRmZmU3YmExMWYwOTBmMDg3ODMzN2RlMDRjMA,bing.com/ck/a?%21=&p=24d080bfa8f112a81cb84b52e8b7de3c0939033787181885e833e4acc6b80418JmltdHM9MTc2NzM0NDc1Mw&ptn=3&fclid=3da374ff-e7ba-11f0-90f0-878337de04c0&ntb=1&u=a1L3ZpZGVvcy9yaXZlcnZpZXcvcmVsYXRlZHZpZGVvP3E9c29mdHdhcmUrZm9yK2xpdmUrY2FsbCtzdWJ0aXRsZXMrYW5kK3RyYW5zbGF0aW9uK2xpbmUrbGl2ZStjYXB0aW9uK3RyYW5zbGF0aW9uK2Zvcit2aWRlbytjYWxscytab29tJTJjK01pY3Jvc29mdCtUZWFtcyUyYytHb29nbGUrTWVldCZmaXJzdD0zMSZydT0lMmZzZWFyY2glM2ZxJTNkc29mdHdhcmUlMjUyMGZvciUyNTIwbGl2ZSUyNTIwY2FsbCUyNTIwc3VidGl0bGVzJTI1MjBhbmQlMjUyMHRyYW5zbGF0aW9uJTI1MjBsaW5lJTI1MjBsaXZlJTI1MjBjYXB0aW9uJTI1MjB0cmFuc2xhdGlvbiUyNTIwZm9yJTI1MjB2aWRlbyUyNTIwY2FsbHMlMjUyMFpvb20lMjUyQyUyNTIwTWljcm9zb2Z0JTI1MjBUZWFtcyUyNTJDJTI1MjBHb29nbGUlMjUyME1lZXQlMjZmaXJzdCUzZDMxJm1tc2NuPXZ3cmMmbWlkPUMwMjQxNTIwOEUxOTQzNkYxRTlBQzAyNDE1MjA4RTE5NDM2RjFFOUEmRk9STT1XUlZPUkMmbnRiPTEmbXNvY2tpZD0zZGEzNzRmZmU3YmExMWYwOTBmMDg3ODMzN2RlMDRjMA,,Unsupported content type: ,
P0002_R01,"software for live call subtitles and translation line live caption translation for video calls Zoom, Microsoft Teams, Google Meet",30,Live Translate Video Call: 9 Expert Tips to Boost Translation ‚Ä¶,"May 23, 2025¬†¬∑ Master live translate video call accuracy with advanced speech recognition, edge computing, and AI-human hybrid solutions. Transform your multilingual video conversations ‚Ä¶",https://www.forasoft.com ‚Ä∫ blog ‚Ä∫ article ‚Ä∫ live-translate-video-call,forasoft.com,https://www.forasoft.com/blog/article/live-translate-video-call,forasoft.com/blog/article/live-translate-video-call,27140,,
P0003_R01,live speech translation opportunities in sports arenas and stadiums translation technology benefits sports live interpret,1,Voice Cloning Technologies for Sports Commentary and ‚Ä¶,"Jun 13, 2025¬†¬∑ Explore innovations in voice cloning for sports commentary and translation, from real-time dubbing to AI-powered analysis, future trends, and practical uses.",https://sotpublication.com ‚Ä∫ real-time-voice-cloning-for-sports...,sotpublication.com,https://sotpublication.com/2025/06/real-time-voice-cloning-for-sports-commentary-and-translation/,sotpublication.com/2025/06/real-time-voice-cloning-for-sports-commentary-and-translation,10588,,
P0003_R01,live speech translation opportunities in sports arenas and stadiums translation technology benefits sports live interpret,2,Live captioning and translation for sports venues,,https://verbit.ai ‚Ä∫ industries ‚Ä∫ sports,verbit.ai,https://verbit.ai/industries/sports/,verbit.ai/industries/sports,4896,,
P0003_R01,live speech translation opportunities in sports arenas and stadiums translation technology benefits sports live interpret,3,Live Events Speech Translation For Live & Hybrid ‚Ä¶,,https://kudo.ai ‚Ä∫ solutions ‚Ä∫ live-events-speech-transl‚Ä¶,kudo.ai,https://kudo.ai/solutions/live-events-speech-translation/,kudo.ai/solutions/live-events-speech-translation,6204,,
P0003_R01,live speech translation opportunities in sports arenas and stadiums translation technology benefits sports live interpret,4,Camb.AI: Breaking Language Barriers in Sports ‚Ä¶,,https://www.hypesportsinnovation.com ‚Ä∫ ai-powered ‚Ä¶,hypesportsinnovation.com,https://www.hypesportsinnovation.com/ai-powered-real-time-sports-translation/,hypesportsinnovation.com/ai-powered-real-time-sports-translation,5318,,
P0003_R01,live speech translation opportunities in sports arenas and stadiums translation technology benefits sports live interpret,5,Multilingual Communication for Sports - interprefy.com,"With real-time interpretation, AI speech translation, and live captions, we make it simple to engage international teams, media, and fans‚Äîwithout disrupting your workflow.",https://www.interprefy.com ‚Ä∫ organisation-sports,interprefy.com,https://www.interprefy.com/organisation-sports,interprefy.com/organisation-sports,6356,,
P0003_R01,live speech translation opportunities in sports arenas and stadiums translation technology benefits sports live interpret,6,AI and Real-Time Voice Translation in Sports Broadcasting,"Sep 16, 2025¬†¬∑ Discover how AI is transforming sports broadcasting with real-time voice translation, reduced latency, and greater accessibility worldwide.",https://barcainnovationhub.fcbarcelona.com ‚Ä∫ blog ‚Ä∫ what-is-the-langua‚Ä¶,barcainnovationhub.fcbarcelona.com,https://barcainnovationhub.fcbarcelona.com/blog/what-is-the-language-of-the-sport/,barcainnovationhub.fcbarcelona.com/blog/what-is-the-language-of-the-sport,,,
P0003_R01,live speech translation opportunities in sports arenas and stadiums translation technology benefits sports live interpret,7,Speaking Every Language: Live Translation for ‚Ä¶,,https://eventtechnology.org ‚Ä∫ speaking-every-langua‚Ä¶,eventtechnology.org,https://eventtechnology.org/2025/05/07/speaking-every-language-live-translation-for-truly-global-events/,eventtechnology.org/2025/05/07/speaking-every-language-live-translation-for-truly-global-events,2892,,
P0003_R01,live speech translation opportunities in sports arenas and stadiums translation technology benefits sports live interpret,8,AI-Media & AudioShake Partner to Revolutionize Sports Audio,"AI-Media teams up with AudioShake to bring real-time audio and AI voice translation to live sports events, enhancing accessibility and fan experiences.",https://www.audioshake.ai ‚Ä∫ press-releases ‚Ä∫ ai-media-partners-with-a‚Ä¶,audioshake.ai,https://www.audioshake.ai/press-releases/ai-media-partners-with-audioshake-to-revolutionize-live-sports-audio-and-ai-voice-translation,audioshake.ai/press-releases/ai-media-partners-with-audioshake-to-revolutionize-live-sports-audio-and-ai-voice-translation,2839,,
P0003_R01,live speech translation opportunities in sports arenas and stadiums translation technology benefits sports live interpret,9,The power of translation in sports - The Language ‚Ä¶,,https://thelanguagefactory.co.uk ‚Ä∫ the-power-of-trans‚Ä¶,thelanguagefactory.co.uk,https://thelanguagefactory.co.uk/the-power-of-translation-in-sports-elevating-experiences-from-press-conferences-to-olympic-podiums/,thelanguagefactory.co.uk/the-power-of-translation-in-sports-elevating-experiences-from-press-conferences-to-olympic-podiums,5001,,
P0003_R01,live speech translation opportunities in sports arenas and stadiums translation technology benefits sports live interpret,10,Sports Translation Services: How Translators Work ‚Ä¶,,https://translationblog.net ‚Ä∫ how-translators-work-in-‚Ä¶,translationblog.net,https://translationblog.net/how-translators-work-in-big-sport-events/,translationblog.net/how-translators-work-in-big-sport-events,6842,,
P0003_R01,live speech translation opportunities in sports arenas and stadiums translation technology benefits sports live interpret,11,(PDF) New challenges and opportunities in ‚Ä¶,,https://www.researchgate.net ‚Ä∫ publication,researchgate.net,https://www.researchgate.net/publication/389023395_New_challenges_and_opportunities_in_technology-assisted_phraseology_interpreting_the_case_of_Yandex_live_stream_translation,researchgate.net/publication/389023395_New_challenges_and_opportunities_in_technology-assisted_phraseology_interpreting_the_case_of_Yandex_live_stream_translation,,HTTP 403: ,
P0003_R01,live speech translation opportunities in sports arenas and stadiums translation technology benefits sports live interpret,12,"Interpretation, AI Speech Translation & Captions ‚Ä¶",,https://www.interprefy.com,interprefy.com,https://www.interprefy.com/,interprefy.com/,5322,,
P0003_R01,live speech translation opportunities in sports arenas and stadiums translation technology benefits sports live interpret,13,Smart Stadium Innovation - The Future of Sports Technology,Get ahead of the game with smart stadium innovations and see how arenas are scoring big on fan experiences and efficiency through sports technology!,https://www.plugandplaytechcenter.com ‚Ä∫ insights ‚Ä∫ the-future-of-sport‚Ä¶,plugandplaytechcenter.com,https://www.plugandplaytechcenter.com/insights/the-future-of-sports-technology-breakthroughs-in-smart-stadium-innovation,plugandplaytechcenter.com/insights/the-future-of-sports-technology-breakthroughs-in-smart-stadium-innovation,13,,
P0003_R01,live speech translation opportunities in sports arenas and stadiums translation technology benefits sports live interpret,14,The impact of technology on sports ‚Äì A prospective study,"Sep 1, 2022¬†¬∑ Rapid technological progress and digitalization have considerably changed the role of technology in sports in the past two decades. As the human limit‚Ä¶",https://www.sciencedirect.com ‚Ä∫ science ‚Ä∫ article ‚Ä∫ pii,sciencedirect.com,https://www.sciencedirect.com/science/article/pii/S0040162522003626,sciencedirect.com/science/article/pii/S0040162522003626,27567,,
P0003_R01,live speech translation opportunities in sports arenas and stadiums translation technology benefits sports live interpret,15,Transforming Professional Sports with Accessibility ‚Ä¶,,https://www.sportsvenue-technology.com ‚Ä∫ articles ‚Ä∫ ‚Ä¶,sportsvenue-technology.com,https://www.sportsvenue-technology.com/articles/the-journey-towards-accessibility-in-professional-sports,sportsvenue-technology.com/articles/the-journey-towards-accessibility-in-professional-sports,7791,,
P0003_R01,live speech translation opportunities in sports arenas and stadiums translation technology benefits sports live interpret,16,LiveVoice: Live Audio for Simultaneous ‚Ä¶,,https://livevoice.io ‚Ä∫ en ‚Ä∫ simultaneous-interpretation,livevoice.io,https://livevoice.io/en/simultaneous-interpretation,livevoice.io/en/simultaneous-interpretation,7452,,
P0003_R01,live speech translation opportunities in sports arenas and stadiums translation technology benefits sports live interpret,17,How AR and VR Will Enhance the Future of the ‚Ä¶,,https://www.archdaily.com,archdaily.com,https://www.archdaily.com/941030/how-ar-and-vr-will-enhance-the-future-of-the-sports-arena-experience,archdaily.com/941030/how-ar-and-vr-will-enhance-the-future-of-the-sports-arena-experience,6441,,
P0003_R01,live speech translation opportunities in sports arenas and stadiums translation technology benefits sports live interpret,18,The stadium of the future: Creating smarter ‚Ä¶,,https://www.sportbusiness.com ‚Ä∫ the-stadium-of-the ‚Ä¶,sportbusiness.com,https://www.sportbusiness.com/2023/03/the-stadium-of-the-future-creating-smarter-experiences-for-fans/,sportbusiness.com/2023/03/the-stadium-of-the-future-creating-smarter-experiences-for-fans,9793,,
P0003_R01,live speech translation opportunities in sports arenas and stadiums translation technology benefits sports live interpret,19,4th Stadiums and Sports Innovation Summit | Home Page,"Join industry leaders at the 4th Stadiums & Sports Innovation Summit KSA, 18 - 19 May 2026 in Riyadh. Explore cutting-edge stadium design, sports technology, and sustainable ‚Ä¶",https://stadiumksa.com,stadiumksa.com,https://stadiumksa.com/,stadiumksa.com/,3340,,
P0003_R01,live speech translation opportunities in sports arenas and stadiums translation technology benefits sports live interpret,20,Telecommunications Specialists in Sports: ‚Ä¶,,https://moldstud.com ‚Ä∫ articles ‚Ä∫ p-telecommunicatio‚Ä¶,moldstud.com,https://moldstud.com/articles/p-telecommunications-specialists-in-sports-connectivity-in-stadiums,moldstud.com/articles/p-telecommunications-specialists-in-sports-connectivity-in-stadiums,41964,,
P0003_R01,live speech translation opportunities in sports arenas and stadiums translation technology benefits sports live interpret,21,Smart stadiums: Enhancing fan experience through technological ...,"This transformation is primarily driven by the integration of cutting-edge technologies, giving rise to the concept of ‚Äúsmart stadiums.‚Äù Smart stadiums leverage a myriad of technological ‚Ä¶",https://www.physicaleducationjournal.in ‚Ä∫ archives ‚Ä∫ PartA,physicaleducationjournal.in,https://www.physicaleducationjournal.in/archives/2024/vol6issue1/PartA/6-1-17-119.pdf,physicaleducationjournal.in/archives/2024/vol6issue1/PartA/6-1-17-119.pdf,,Unsupported content type: application/pdf,
P0003_R01,live speech translation opportunities in sports arenas and stadiums translation technology benefits sports live interpret,22,Smart Stadiums: How Technology is Transforming ‚Ä¶,,https://farisgroup.net ‚Ä∫ smart-stadiums-future-sports ‚Ä¶,farisgroup.net,https://farisgroup.net/smart-stadiums-future-sports-venues/,farisgroup.net/smart-stadiums-future-sports-venues,3983,,
P0003_R01,live speech translation opportunities in sports arenas and stadiums translation technology benefits sports live interpret,23,Ensuring ADA Compliance in Sports Arenas and ‚Ä¶,,https://know-the-ada.com ‚Ä∫ ensuring-ada-complianc‚Ä¶,know-the-ada.com,https://know-the-ada.com/ensuring-ada-compliance-in-sports-arenas-and-large-venues/,know-the-ada.com/ensuring-ada-compliance-in-sports-arenas-and-large-venues,14170,,
P0003_R01,live speech translation opportunities in sports arenas and stadiums translation technology benefits sports live interpret,24,"Digital technologies in sports: Opportunities, challenges, and ...","Jun 1, 2024¬†¬∑ Abstract Digital technologies are revolutionizing operations across various industries, including the sports sector. This study employed a mixed methods approach to ‚Ä¶",https://www.sciencedirect.com ‚Ä∫ science ‚Ä∫ article ‚Ä∫ pii,sciencedirect.com,https://www.sciencedirect.com/science/article/pii/S0160791X24000447,sciencedirect.com/science/article/pii/S0160791X24000447,27090,,
P0003_R01,live speech translation opportunities in sports arenas and stadiums translation technology benefits sports live interpret,25,Full article: Stadiums and Digitalization: An ‚Ä¶,,https://www.tandfonline.com ‚Ä∫ doi ‚Ä∫ full,tandfonline.com,https://www.tandfonline.com/doi/full/10.1080/12460125.2022.2073629,tandfonline.com/doi/full/10.1080/12460125.2022.2073629,29862,,
P0003_R01,live speech translation opportunities in sports arenas and stadiums translation technology benefits sports live interpret,26,Sports Translation and Interpreting: Football as a ‚Ä¶,,https://www.researchgate.net ‚Ä∫ publication,researchgate.net,https://www.researchgate.net/publication/370924845_Sports_Translation_and_Interpreting_Football_as_a_Case_Study,researchgate.net/publication/370924845_Sports_Translation_and_Interpreting_Football_as_a_Case_Study,,HTTP 403: ,
P0003_R01,live speech translation opportunities in sports arenas and stadiums translation technology benefits sports live interpret,27,SMART STADIUMS ARE CHANGING THE GAME ‚Äì BOCCONI STUDENTS FOR SPORT ...,"May 12, 2025¬†¬∑ The Santiago Bernabeu Stadium earned its crown as World's Best Stadium 2024. This achievement shows how smart stadium technology has reshaped the scene of modern ‚Ä¶",https://bssportmanagement.com ‚Ä∫ smart-stadiums-are-changing-the-g‚Ä¶,bssportmanagement.com,https://bssportmanagement.com/2025/05/12/smart-stadiums-are-changing-the-game/,bssportmanagement.com/2025/05/12/smart-stadiums-are-changing-the-game,5606,,
P0003_R01,live speech translation opportunities in sports arenas and stadiums translation technology benefits sports live interpret,28,Home - livetranslation.ai,,https://livetranslation.ai,livetranslation.ai,https://livetranslation.ai/,livetranslation.ai/,4003,,
P0003_R01,live speech translation opportunities in sports arenas and stadiums translation technology benefits sports live interpret,29,New Trends in Stadium Technology | Verizon,"Nov 11, 2024¬†¬∑ New trends in stadium technology, enabled by the arrival of ultrafast 5G connectivity, are revolutionizing the way fans enjoy live sports.",https://www.verizon.com ‚Ä∫ business ‚Ä∫ resources ‚Ä∫ articles ‚Ä∫ how-new-tr‚Ä¶,bing.com,https://www.bing.com/ck/a?%21=&p=a3b28bc3a9be6dbec8af86b9d83f603dffea36b45a8711e7b4d10b91df31d352JmltdHM9MTc2NzMxMjAwMA&ptn=3&ver=2&hsh=4&fclid=0050d333-0eb7-60a1-3723-c5e60fc46187&u=a1aHR0cHM6Ly93d3cudmVyaXpvbi5jb20vYnVzaW5lc3MvcmVzb3VyY2VzL2FydGljbGVzL3MvaG93LW5ldy10cmVuZHMtaW4tc3RhZGl1bS10ZWNobm9sb2d5LWNhbi1oZWxwLXRoZS1mYW4tZXhwZXJpZW5jZS8_bXNvY2tpZD0wMDUwZDMzMzBlYjc2MGExMzcyM2M1ZTYwZmM0NjE4Nw&ntb=1,bing.com/ck/a?%21=&p=a3b28bc3a9be6dbec8af86b9d83f603dffea36b45a8711e7b4d10b91df31d352JmltdHM9MTc2NzMxMjAwMA&ptn=3&ver=2&hsh=4&fclid=0050d333-0eb7-60a1-3723-c5e60fc46187&u=a1aHR0cHM6Ly93d3cudmVyaXpvbi5jb20vYnVzaW5lc3MvcmVzb3VyY2VzL2FydGljbGVzL3MvaG93LW5ldy10cmVuZHMtaW4tc3RhZGl1bS10ZWNobm9sb2d5LWNhbi1oZWxwLXRoZS1mYW4tZXhwZXJpZW5jZS8_bXNvY2tpZD0wMDUwZDMzMzBlYjc2MGExMzcyM2M1ZTYwZmM0NjE4Nw&ntb=1,,Unsupported content type: ,
P0003_R01,live speech translation opportunities in sports arenas and stadiums translation technology benefits sports live interpret,30,Sports Arenas and Stadiums - Auditorium Consultancy,"Elevating Sports Arenas and Stadiums Experiences with Precision and Innovation At Auditorium Consultancy, we specialize in designing and constructing state-of-the-art sports arenas and ‚Ä¶",https://auditoriumconsultancy.com ‚Ä∫ industry ‚Ä∫ sports-arenas-and-stadi‚Ä¶,auditoriumconsultancy.com,https://auditoriumconsultancy.com/industry/sports-arenas-and-stadiums/,auditoriumconsultancy.com/industry/sports-arenas-and-stadiums,3825,,
