run_id,query,position,title,snippet,displayUrl,domain,url,url_key,contentLength,contentError,content,page_title,meta_description,canonical_url,has_schema_markup,schema_types,table_count,has_table,published_date,modified_date,js_render_suspected
P0001_R01,best real-time voice translator apps,1,10 Best Speech Translator Apps for Live Voice Translation,"Oct 31, 2025 · In this guide, we list the 10 best speech translator apps available right now, based on real-world performance, usability, and how well they adapt to the way people actually …",https://maestra.ai › blogs › best-speech-translator-apps,maestra.ai,https://maestra.ai/blogs/best-speech-translator-apps,maestra.ai/blogs/best-speech-translator-apps,19270,,,10 Best Speech Translator Apps for Live Voice Translation,"Find the best speech translator app for your needs. Compare 10 top tools for live voice translation with free & paid options for travel, work, and daily use.",https://maestra.ai/blogs/best-speech-translator-apps,true,Organization|SoftwareApplication|FAQPage|Question|BlogPosting|WebPage|BreadcrumbList,1,true,2025-10-31 10:52:06.864Z,2025-12-15 10:24:57.697Z,
P0001_R01,best real-time voice translator apps,2,Best Voice Translator Apps in 2025 - naargmedia.com,"Discover the top voice translator apps for real-time speech translation in 2025. Compare accuracy, supported languages to find your perfect travel companion.",https://www.naargmedia.com › best-voice-translator-apps,naargmedia.com,https://www.naargmedia.com/best-voice-translator-apps/,naargmedia.com/best-voice-translator-apps,5278,,,Best Voice Translator Apps in 2025,"Discover the top voice translator apps for real-time speech translation in 2025. Compare accuracy, supported languages to find your perfect travel companion.",https://www.naargmedia.com/best-voice-translator-apps/,true,WebPage|ImageObject|BreadcrumbList|WebSite|Organization,1,true,2025-10-16T15:39:24+00:00,2025-10-16T17:44:13+00:00,
P0001_R01,best real-time voice translator apps,3,10 Best Voice Translator Tools - AI-Powered Solutions,"This comprehensive guide examines the best voice translator tools available today, comparing their features, accuracy, and real-world use cases to help you choose the perfect solution for …",https://www.vmeg.ai › blog › best-voice-translator,vmeg.ai,https://www.vmeg.ai/blog/best-voice-translator/,vmeg.ai/blog/best-voice-translator,18181,,,10 Best Voice Translator Tools - AI-Powered Solutions,"Looking for the best voice translators in 2025? Compare top tools for real-time speech translation, travel, and video dubbing.",https://www.vmeg.ai/blog/best-voice-translator/,,,1,true,,,
P0001_R01,best real-time voice translator apps,4,"23 best voice translator for your PC, Android, and iPhone","Jan 17, 2025 · These are 23 recommended real-time voice translation apps. We have compared various options to help you find the app that best suits your needs and purposes. Please refer …",https://www.jotme.io › blog › audio-translation,jotme.io,https://www.jotme.io/blog/audio-translation,jotme.io/blog/audio-translation,18580,,,"23 best voice translator for your PC, Android, and iPhone",These are 23 recommended real-time voice translation apps. We have compared various options to help you find the app that best suits your needs and purposes. Please refer to this guide.,,,,,,,,
P0001_R01,best real-time voice translator apps,5,The Best Voice Translator Apps in 2025 (The …,,https://www.stenomatic.ai › post › best-voice-translat…,stenomatic.ai,https://www.stenomatic.ai/post/best-voice-translator-apps,stenomatic.ai/post/best-voice-translator-apps,12098,,,The Best Voice Translator Apps in 2025 (The Expert's Guide),"Discover the best voice translator apps of 2025 that break language barriers effortlessly! From travel to business and multilingual events, explore AI-powered tools like Stenomatic.ai, Interprefy, and more to transform global communication. Learn how these apps provide real-time, accurate translations for diverse scenarios.",https://www.stenomatic.ai/post/best-voice-translator-apps,,,,,,,
P0001_R01,best real-time voice translator apps,6,10 Best Real-time Language Translation Apps for …,,https://www.aiphone.ai › blog › best-real-time-transla…,aiphone.ai,https://www.aiphone.ai/blog/best-real-time-translation-apps/,aiphone.ai/blog/best-real-time-translation-apps,9377,,,10 Best Real-time Language Translation Apps for Effortless Communication,"When you’re traveling abroad and face a language barrier, even simple things—like ordering food or asking for directions—can become stressful. Real-time translation apps are designed to bridge that gap instantly, letting you communicate clearly and confidently with anyone, anywhere. Below, we’ve rounded up the best real-time translator apps available today, each tailored for different needs",https://www.aiphone.ai/blog/best-real-time-translation-apps/,true,BlogPosting|BreadcrumbList|Organization|Person|WebPage|WebSite,,,2024-12-24T08:28:31+00:00,2025-05-12T09:38:39+00:00,
P0001_R01,best real-time voice translator apps,7,10 Best Real-Time Translators of 2025 (Apps - Earbuds Reviewed),,https://screenapp.io › blog › best-real-time …,screenapp.io,https://screenapp.io/blog/best-real-time-translators,screenapp.io/blog/best-real-time-translators,14220,,,10 Best Real-Time Translators of 2025 (Apps - Earbuds Reviewed),"Discover the best real-time translator apps and devices of 2025. We tested accuracy, speed, and features to help you find the perfect solution for travel, business, and conversation.",https://screenapp.io/blog/best-real-time-translators,true,WebApplication|BlogPosting|Question|WebPage|BreadcrumbList|FAQPage,1,true,2025-07-10T08:00:00+00:00,2025-07-10T08:00:00+00:00,
P0001_R01,best real-time voice translator apps,8,6 Best AI Voice Translator Apps in 2025 [with …,,https://www.timekettle.co › ... › best-ai-voice-translat…,timekettle.co,https://www.timekettle.co/en-inter/blogs/tips-and-tricks/best-ai-voice-translator-apps,timekettle.co/en-inter/blogs/tips-and-tricks/best-ai-voice-translator-apps,18832,,,6 Best AI Voice Translator Apps in 2025 [with Download Link],"I tested 6 top AI Voice Translator Apps: Polypal, Google translate, Apple Translate, iTranslate, AI Voice Translator, and Microsoft Translator, check reviews & get one!",https://www.timekettle.co/en-inter/blogs/tips-and-tricks/best-ai-voice-translator-apps,true,Article|WebPage,1,true,2025-08-28T18:16:34Z,,
P0001_R01,best real-time voice translator apps,9,6 Best Speech Translators in 2025 - OpenL Blog,,https://blog.openl.io › best-speech-translator,blog.openl.io,https://blog.openl.io/best-speech-translator/,blog.openl.io/best-speech-translator,12017,,,6 Best Speech Translators in 2025 - OpenL Blog,"Speech translation technology has significantly advanced in 2025, with AI-powered tools offering real-time voice-to-voice communication across language barriers. This comprehensive guide reviews the top speech translators based on verified features, accuracy rates, and real-world performance, helping you choose the best tool for your needs.",https://blog.openl.io/best-speech-translator/,,,1,true,,,
P0001_R01,best real-time voice translator apps,10,Top 10 AI Translator Phone Apps for Real-Time …,,https://vertu.com › lifestyle,vertu.com,https://vertu.com/lifestyle/top-10-ai-translator-phone-apps-real-time-translation-2025/,vertu.com/lifestyle/top-10-ai-translator-phone-apps-real-time-translation-2025,27277,,,Top 10 AI Translator Phone Apps for Real-Time Conversations in 2025,"Compare the top 10 AI translator phone apps for real-time conversations in 2025. Find the best options for accurate, fast, and private translation on the go.",https://vertu.com/lifestyle/top-10-ai-translator-phone-apps-real-time-translation-2025/,true,CreativeWorkSeries|Organization|WebSite|ImageObject|BreadcrumbList|WebPage|Person|BlogPosting,8,true,2025-07-20T16:57:07+08:00,2025-07-20T16:57:07+08:00,
P0001_R01,best real-time voice translator apps,11,Top 6 Voice Translator Apps Powered by AI in 2025,,https://www.notta.ai › en › blog › voice-translator-app,notta.ai,https://www.notta.ai/en/blog/voice-translator-app,notta.ai/en/blog/voice-translator-app,11369,,,Top 6 Voice Translator Apps Powered by AI in 2025,6 voice translator apps powered by AI. 1. Google Translate 2. Translate (iOS) 3. Notta 4. iTranslate 5. AI Voice Translator Translate 6. Microsoft Translator.,https://www.notta.ai/en/blog/voice-translator-app,,,1,true,,,
P0001_R01,best real-time voice translator apps,12,Voice Translator - Free Online Voice Translation Tool,,https://screenapp.io › features › audio-translator,screenapp.io,https://screenapp.io/features/audio-translator,screenapp.io/features/audio-translator,8775,,,Voice Translator - Free Online Voice Translation Tool,Free voice translator online for instant audio translation. Translate voice between 100+ languages. Real-time voice translate to English and other languages.,https://screenapp.io/features/audio-translator,true,WebApplication|SoftwareApplication|Question,,,,2025-12-06,
P0001_R01,best real-time voice translator apps,13,7 Best AI Live Translation Tools That We Tried in …,,https://www.jotme.io › blog › best-live-translation,jotme.io,https://www.jotme.io/blog/best-live-translation,jotme.io/blog/best-live-translation,27374,,,7 Best AI Live Translation Tools That We Tried in 2025,"Discover the 7 best AI live translation tools in 2025, including JotMe, Kudo, Wordly, and more. Compare features, pricing, and use cases for real-time translation during meetings, events, and video calls.",,,,1,true,,,
P0001_R01,best real-time voice translator apps,14,Connecting Globally: The Best Translation Apps of …,,https://insiderbits.com › apps,insiderbits.com,https://insiderbits.com/apps/best-translation-apps-of-2025/,insiderbits.com/apps/best-translation-apps-of-2025,13582,,,Connecting Globally: The Best Translation Apps of 2025,"Discover the best translation apps of 2025 picked by Insiderbits, designed for travelers and language learners seeking accuracy and real-time results.",https://insiderbits.com/apps/best-translation-apps-of-2025/,true,NewsMediaOrganization|Organization|WebSite|ImageObject|WebPage|Person|BlogPosting,,,2025-02-09T07:00:00-03:00,2025-02-19T07:34:02-03:00,
P0001_R01,best real-time voice translator apps,15,10 Best Voice Translation Apps for Global …,,https://murf.ai › blog › best-voice-translation-apps,murf.ai,https://murf.ai/blog/best-voice-translation-apps,murf.ai/blog/best-voice-translation-apps,26176,,,10 Best Voice Translation Apps for Global Communication 2026,"Overcome language barriers with the best voice translation apps of 2026. Make multilingual communication seamless for travel, business, and content creation.",https://murf.ai/blog/best-voice-translation-apps,,,11,true,,,
P0001_R01,best real-time voice translator apps,16,TalkPersona - Free real-time voice translator,,https://talkpersona.com › translator,talkpersona.com,https://talkpersona.com/translator,talkpersona.com/translator,1938,,,TalkPersona - Free real-time voice translator,"In addition to the AI video chatbot, TalkPersona also offers a free Instant Voice Translator for Real-Time Multilingual Conversations. It enables seamless real-time cross-language conversations. Always listens and instantly translates between your language and foreign languages, with optional audio playback. Perfect for travel, business, and cross-language communication.",,true,WebPage,,,,,
P0001_R01,best real-time voice translator apps,17,10 best translation apps for Android,,https://www.androidauthority.com,androidauthority.com,https://www.androidauthority.com/best-translations-apps-android-98787/,androidauthority.com/best-translations-apps-android-98787,7342,,,10 best translation apps for Android,Translation apps help travelers like you wouldn't believe. Here are the best translation apps for Android that you can get right now!,https://www.androidauthority.com/best-translations-apps-android-98787/,true,Article|WebPage|ImageObject|BreadcrumbList|WebSite|Organization|Person,,,2025-03-26T05:00:00+00:00,2025-03-27T11:09:00+00:00,
P0001_R01,best real-time voice translator apps,18,Best real-time voice translation apps - Inglatech,,https://inglatech.com › en › best-real-time-voice-tran…,inglatech.com,https://inglatech.com/en/best-real-time-voice-translation-apps/,inglatech.com/en/best-real-time-voice-translation-apps,6679,,,Best Real-Time Voice Translation Apps,"Advertising - SpotAds Communication between different languages has never been easier than it is today. Thanks to smartphone technology, you can...",https://inglatech.com/en/best-real-time-voice-translation-apps/,true,Article|WebPage|ImageObject|BreadcrumbList|WebSite|Organization|Person|BlogPosting,,,2025-06-09T00:23:31+00:00,2025-06-09T00:27:12+00:00,
P0001_R01,best real-time voice translator apps,19,Is there an app that does live translation? : r/apps,"Is there an app that does live translation? I am looking for an app that can live translate speech in real-time over a video call. Every time my partner speaks with my parents, I end up having to …",https://www.reddit.com › apps › comments › is_there_an_app_that_do…,reddit.com,https://www.reddit.com/r/apps/comments/13escyl/is_there_an_app_that_does_live_translation/,reddit.com/r/apps/comments/13escyl/is_there_an_app_that_does_live_translation,1790,,,Reddit - The heart of the internet,,,,,,,,,
P0001_R01,best real-time voice translator apps,20,Top 7 AI Voice Translator Apps in 2025,,https://screenapp.io › blog › voice-translator-apps,screenapp.io,https://screenapp.io/blog/voice-translator-apps,screenapp.io/blog/voice-translator-apps,9201,,,Top 7 AI Voice Translator Apps in 2025,"In this guide, we reveal the best AI voice translator apps in 2025, helping you connect with the world, understand and be understood, no matter the language.",https://screenapp.io/blog/voice-translator-apps,true,WebApplication|BlogPosting|WebPage|BreadcrumbList,1,true,2025-02-20T08:00:00+00:00,2025-02-20T08:00:00+00:00,
P0001_R01,best real-time voice translator apps,21,Best Translation Apps in 2025: A Complete Guide,,https://maestra.ai › blogs › best-translation-apps,maestra.ai,https://maestra.ai/blogs/best-translation-apps,maestra.ai/blogs/best-translation-apps,14631,,,Best Translation Apps in 2025: A Complete Guide,Translation & localization have come a long way thanks to AI technology. Let's take a look at the best translation apps and their overview.,https://maestra.ai/blogs/best-translation-apps,true,Organization|SoftwareApplication|FAQPage|Question|BlogPosting|WebPage|BreadcrumbList,1,true,2025-02-20T09:28:16.000Z,2025-10-01 09:33:38.538Z,
P0001_R01,best real-time voice translator apps,22,9 Audio Translator Apps You’ll Wish You Knew …,,https://www.ultraupdates.com › best-audio-translatio…,ultraupdates.com,https://www.ultraupdates.com/2025/05/best-audio-translation-apps/,ultraupdates.com/2025/05/best-audio-translation-apps,18706,,,9 Audio Translator Apps You’ll Wish You Knew Sooner,"Discover the best audio translator for seamless voice translation, real-time translation, and breaking language barriers with top translation tools & apps.",https://www.ultraupdates.com/2025/05/best-audio-translation-apps/,true,Article|BreadcrumbList|Organization|Person|WebPage|WebSite,,,2025-05-01T08:42:17+00:00,2025-05-01T08:42:17+00:00,
P0001_R01,best real-time voice translator apps,23,Top 8 AI Voice Translator Apps to Break Language Barriers,"Struggling to communicate in a foreign language can be one of the most frustrating experiences, whether you're traveling or working abroad. Thanks to AI-powered voice translation apps, you …",https://www.aiphone.ai › blog › ai-voice-translator-apps,aiphone.ai,https://www.aiphone.ai/blog/ai-voice-translator-apps/,aiphone.ai/blog/ai-voice-translator-apps,5533,,,Top 8 AI Voice Translator Apps to Break Language Barriers,"Struggling to communicate in a foreign language can be one of the most frustrating experiences, whether you're traveling or working abroad. Thanks to AI-powered voice translation apps, you can now break down these barriers with ease. These apps use advanced artificial intelligence to translate spoken words in real time, enabling smooth conversations between people who",https://www.aiphone.ai/blog/ai-voice-translator-apps/,true,BlogPosting|BreadcrumbList|Organization|Person|WebPage|WebSite,,,2024-12-24T03:37:49+00:00,2024-12-24T03:45:32+00:00,
P0001_R01,best real-time voice translator apps,24,"Are there any Hands-Free, Realtime, Voice Translation apps? : …","I'm looking for an app that will translate a conversation between me speaking English, and my friend speaking Portuguese (etc) - in realtime automatically - without having to touch the screen.",https://www.reddit.com › ... › comments › are_there_any_handsfree_re…,reddit.com,https://www.reddit.com/r/ChatGPTPro/comments/15z93kb/are_there_any_handsfree_realtime_voice/,reddit.com/r/ChatGPTPro/comments/15z93kb/are_there_any_handsfree_realtime_voice,1445,,,Reddit - The heart of the internet,,,,,,,,,
P0001_R01,best real-time voice translator apps,25,Real Time Translator - AI Live Translation,,https://maestra.ai › tools › real-time-translator,maestra.ai,https://maestra.ai/tools/real-time-translator,maestra.ai/tools/real-time-translator,7612,,,Real Time Translator - AI Live Translation,Localize live events and content using Maestra's AI-powered real time translator. Try for free for the first 10 minutes!,https://maestra.ai/tools/real-time-translator,true,Organization|SoftwareApplication|HowTo|FAQPage|Question|BreadcrumbList,,,,,
P0001_R01,best real-time voice translator apps,26,LiveVoice: AI Voice Translation,,https://livevoice.io › en › ai-voice-translation,livevoice.io,https://livevoice.io/en/ai-voice-translation,livevoice.io/en/ai-voice-translation,5656,,,AI Voice Translation,Get live voice language translation into over 65 languages anywhere in just minutes.,,,,,,,,
P0001_R01,best real-time voice translator apps,27,Apps for real-time translation on Android,,https://en.androidayuda.com › applications › lists › A…,en.androidayuda.com,https://en.androidayuda.com/applications/lists/Apps-for-real-time-translation-on-Android/,en.androidayuda.com/applications/lists/Apps-for-real-time-translation-on-Android,13861,,,Apps for real-time translation on Android,"Discover the best real-time translation apps for Android. Detailed guides, tips, and essential features for traveling and communicating.",https://en.androidayuda.com/applications/lists/Apps-for-real-time-translation-on-Android/,true,WebSite|NewsArticle|WebPage|BreadcrumbList,,,2025-07-16T14:43:15+00:00,,
P0001_R01,best real-time voice translator apps,28,11 Best Translation Apps of 2024 | FluentU,,https://www.fluentu.com › blog › learn › best-translati…,fluentu.com,https://www.fluentu.com/blog/learn/best-translation-apps/,fluentu.com/blog/learn/best-translation-apps,15740,,,11 Best Translation Apps of 2024 | FluentU Language Blog,"What are the best translation apps at the moment? In this post, we cover 12 of the best translator apps you wouldn't want to go without during your travels, language learning journey or business meetings. Discover apps such as DeepL, Microsoft Translator, iTranslate and many more. Let's start translating!",https://www.fluentu.com/blog/learn/best-translation-apps/,true,WebSite|SearchAction|BreadcrumbList|WebPage|ReadAction|Organization|ImageObject|Article|Person,,,2024-01-26T01:41:06-05:00,2025-01-24T06:18:19-05:00,
P0001_R01,best real-time voice translator apps,29,Voice Translator & Speech to Text - Free download and install on ...,"Real-time Voice Translation Simultaneous Interpreting Software AI intelligent translation, accurate voice translation software! AI Audio Translator, Translation with voice,Speech to text,speech …",https://apps.microsoft.com › detail,apps.microsoft.com,https://apps.microsoft.com/detail/9nz4tkwwf4pq,apps.microsoft.com/detail/9nz4tkwwf4pq,90,,,Voice Translator & Speech to Text - Free download and install on Windows | Microsoft Store,"Real-time Voice Translation Simultaneous Interpreting Software AI intelligent translation, accurate voice translation software! AI Audio Translator, Translation with voice,Speech to text,speech recognition,Dictation,Voice interpreter Translate voice in real time, can directly convert the user's voice content into text and translate into multiple languages. Go abroad, meeting records, real-time conversion real-time translation.",https://apps.microsoft.com/detail/9nz4tkwwf4pq,true,SoftwareApplication,,,,,
P0001_R01,best real-time voice translator apps,30,Top 8 Best Translator Apps for iPhone in 2026,,https://murf.ai › blog › best-translation-apps-for-iphone,murf.ai,https://murf.ai/blog/best-translation-apps-for-iphone,murf.ai/blog/best-translation-apps-for-iphone,19588,,,Top 8 Best Translator Apps for iPhone in 2026,"Discover the best translator app for iPhone to translate languages instantly. Explore top apps with fast, effortless, and accurate translations.",https://murf.ai/blog/best-translation-apps-for-iphone,,,,,,,
